[{
	"priority": 2,
	"type": 2,
	"items": [{
		"itemType": "image",
		"imageUrl": "down9Game.png",
		"topMargin": 12,
		"action": "down9Game::http://9game.cn/outurl.html?linkid=1351",
		"st": "st_exitdialog_ng_ngclient_c"
	},
	{
		"itemType": "group",
		"layoutType": 1,
		"topPadding": 9,
		"bottomPadding": 22,
		"items": [{
			"itemType": "button",
			"bgNormalPath": "gift_normal.png",
			"bgFocusPath": "gift_pressed.png",
			"layoutWeight": 1,
			"leftPadding":3,
			"rightPadding":5,
			"action": "business::codecenter",
			"st": "st_exitdialog_ng_gift_c"
		},
		{
			"itemType": "button",
			"bgNormalPath": "bbs_normal.png",
			"bgFocusPath": "bbs_pressed.png",
			"rightPadding":3,
			"leftPadding":5,
			"layoutWeight": 1,
			"action": "business::bbs",
			"st": "st_exitdialog_ng_bbs_c"
		}]
	},
	{
		"itemType": "button",
		"text": "退出游戏",
		"textSize": 25,
		"action": "exit",
		"height": 60,
		"st": "st_exitdialog_ng_exit_c"
	}]
},
{
	"priority": 1,
	"type": 1,
	"items": [{
		"itemType": "group",
		"layoutType": 1,
		"topPadding": 30,
		"bottomPadding": 30,
		"items": [{
			"itemType": "button",
			"bgNormalPath": "gift_normal.png",
			"bgFocusPath": "gift_pressed.png",
			"leftPadding":3,
			"rightPadding":5,
			"layoutWeight": 1,
			"action": "business::codecenter",
			"st": "st_exitdialog_normal_gift_c"
		},
		{
			"itemType": "button",
			"bgNormalPath": "bbs_normal.png",
			"bgFocusPath": "bbs_pressed.png",
			"layoutWeight": 1,
			"rightPadding":3,
			"leftPadding":5,
			"action": "business::bbs",
			"st": "st_exitdialog_normal_bbs_c"
		}]
	},
	{
		"itemType": "button",
		"text": "退出游戏",
		"textSize": 25,
		"action": "exit",
		"height": 60,
		"st": "st_exitdialog_normal_exit_c"
	}]
}]