{
  "logoConfig"            : { },
  "titleConfig"           : {
    "text"                  : "退出"
  },
  "exContentLayoutConfig" : {
    "source"                : "<adv><text>是否确定取消?<\/text><\/adv>"
  },
  "mainBtnConfig"         : {
    "text"                  : "退出游戏||是"
  },
  "assistBtnConfig"       : {
    "text"                  : "否",
    "visibile"              : true
  },
  "closeBtnConfig"        : { },
  "progressBarConfig"     : { },
  "parent"                : "updateGameDialog"
}
