{
  "logoImageViewConfig"      : { },
  "titleConfig"              : { },
  "titleHintsConfig"         : { },
  "tipsConfig"               : { },
  "usernameInputWidgetConf"  : {
    "labelTextViewConfig"      : { },
    "rightLabelTextViewConfig" : { },
    "inputEditTextConfig"      : { },
    "rightButtonConfig"        : { },
    "rightButtonClickedConfig" : { },
    "checkBoxConfig"           : { }
  },
  "inputSmsCodeWidgetConfig" : {
    "labelTextViewConfig"      : { },
    "rightLabelTextViewConfig" : { },
    "inputEditTextConfig"      : { },
    "rightButtonConfig"        : { },
    "rightButtonClickedConfig" : { },
    "checkBoxConfig"           : { }
  },
  "regButtonConfig"          : {
    "text"                     : "quick_reg"
  },
  "loginButtonConfig"        : { },
  "thirdPartyConfig"         : {
    "captionConfig"            : { },
    "switchTipConfig"          : { }
  },
  "bottomTipsConfig"         : {
    "visibile"                 : false
  },
  "noticeConfig"             : { },
  "titleLineConfig"          : { },
  "parent"                   : "phoneLogin"
}