{
  "height"                   : 165,
  "logoImageViewConfig"      : { },
  "titleConfig"              : {
    "text"                     : "phone_title"
  },
  "titleHintsConfig"         : { },
  "tipsConfig"               : { },
  "usernameInputWidgetConf"  : {
    "visibile"                 : false,
    "labelTextViewConfig"      : { },
    "rightLabelTextViewConfig" : { },
    "inputEditTextConfig"      : { },
    "rightButtonConfig"        : { },
    "rightButtonClickedConfig" : { },
    "checkBoxConfig"           : { }
  },
  "inputSmsCodeWidgetConfig" : {
    "visibile"                 : false,
    "labelTextViewConfig"      : { },
    "rightLabelTextViewConfig" : { },
    "inputEditTextConfig"      : { },
    "rightButtonConfig"        : { },
    "rightButtonClickedConfig" : { },
    "checkBoxConfig"           : { }
  },
  "regButtonConfig"          : {
    "visibile"                 : false
  },
  "loginButtonConfig"        : {
    "gravity"                  : 19,
    "textColor"                : "#333333",
    "text"                     : "phone_quick_login+phone_quick_login_hint",
    "icon"                     : "icon_enter.png",
    "iconPadding"              : 10,
    "height"                   : 60,
    "bgNormalPath"             : "input_bg.9.png",
    "bgFocusPath"              : "input_bg.9.png",
    "topMargin"                : 59,
    "leftPadding"              : 10,
    "rightPadding"             : 10
  },
  "thirdPartyConfig"         : {
    "captionConfig"            : { },
    "switchTipConfig"          : { },
    "visibile"                 : false
  },
  "bottomTipsConfig"         : {
    "icon"                     : "",
    "width"                    : 300,
    "height"                   : 16,
    "bgNormalPath"             : "",
    "bgFocusPath"              : "",
    "topMargin"                : 134,
    "bottomMargin"             : 15
  },
  "noticeConfig"             : { },
  "titleLineConfig"          : { },
  "parent"                   : "phoneLogin"
}