{
  "CLASS_NAME"               : "PhoneLoginLayoutConfig",
  "width"                    : 320,
  "height"                   : 266,
  "x"                        : -1,
  "y"                        : -1,
  "bgNormalPath"             : "bg.9.png",
  "bgColor"                  : "",
  "visibile"                 : true,
  "enable"                   : true,
  "logoImageViewConfig"      : {
    "CLASS_NAME"               : "ImageViewConfig",
    "src"                      : "logo.png",
    "width"                    : 50,
    "height"                   : 30,
    "bgNormalPath"             : "logo.png",
    "topMargin"                : 9,
    "leftMargin"               : 16,
    "visibile"                 : true,
    "enable"                   : true
  },
  "titleConfig"              : {
    "CLASS_NAME"               : "TextConfig",
    "textColor"                : "#ffffff",
    "textPressColor"           : "#ffffff",
    "text"                     : "phone_title+phone_title_tips",
    "textSize"                 : 16,
    "width"                    : 227,
    "height"                   : 30,
    "topMargin"                : 9,
    "leftMargin"               : 73,
    "visibile"                 : true,
    "enable"                   : true
  },
  "titleHintsConfig"         : {
    "CLASS_NAME"               : "TextConfig",
    "textColor"                : "#ffffff",
    "textPressColor"           : "#ffffff",
    "visibile"                 : false,
    "enable"                   : true
  },
  "tipsConfig"               : {
    "CLASS_NAME"               : "TextConfig",
    "textColor"                : "#ffffff",
    "textPressColor"           : "#ffffff",
    "visibile"                 : false,
    "enable"                   : true
  },
  "usernameInputWidgetConf"  : {
    "CLASS_NAME"               : "InputWidgetConfig",
    "width"                    : 300,
    "height"                   : 44,
    "bgNormalPath"             : "input_bg.9.png",
    "bgFocusPath"              : "input_bg.9.png",
    "bgColor"                  : "#ffffff",
    "topMargin"                : 59,
    "visibile"                 : true,
    "enable"                   : true,
    "labelTextViewConfig"      : {
      "CLASS_NAME"               : "TextConfig",
      "textColor"                : "#ffffff",
      "textPressColor"           : "#ffffff",
      "visibile"                 : false,
      "enable"                   : true
    },
    "rightLabelTextViewConfig" : {
      "CLASS_NAME"               : "TextConfig",
      "textColor"                : "#ffffff",
      "textPressColor"           : "#ffffff",
      "visibile"                 : false,
      "enable"                   : true
    },
    "inputEditTextConfig"      : {
      "CLASS_NAME"               : "EditTextConfig",
      "hint"                     : "tel_num",
      "hintTextColor"            : "#b5b5b5",
      "inputType"                : 1,
      "isPassword"               : false,
	  "leftPadding"              : 10,
      "enabled"                  : true,
      "textColor"                : "#000000",
      "textPressColor"           : "#ffffff",
      "textSize"                 : 16,
      "width"                    : 300,
      "height"                   : 44,
      "bgColor"                  : "#66ffffff",
      "visibile"                 : true,
      "enable"                   : true
    },
    "rightButtonConfig"        : {
      "CLASS_NAME"               : "ButtonConfig",
      "gravity"                  : 17,
      "textColor"                : "#000000",
      "textPressColor"           : "#ffffff",
      "text"                     : "",
      "textSize"                 : 12,
      "width"                    : 40,
      "height"                   : 30,
      "bgNormalPath"             : "input_icon_Arrow.9.png",
      "bgFocusPath"              : "input_icon_Arrow.9.png",
      "rightMargin"              : 5,
      "visibile"                 : false,
      "enable"                   : true
    },
    "rightButtonClickedConfig" : {
      "CLASS_NAME"               : "ButtonConfig",
      "gravity"                  : 17,
      "textColor"                : "#ffffff",
      "textPressColor"           : "#ffffff",
      "visibile"                 : true,
      "enable"                   : true
    },
    "checkBoxConfig"           : {
      "CLASS_NAME"               : "CheckBoxConfig",
      "checked"                  : false,
      "visibile"                 : true,
      "textColor"                : "#ffffff",
      "textPressColor"           : "#ffffff",
      "enable"                   : true
    }
  },
  "inputSmsCodeWidgetConfig" : {
    "CLASS_NAME"               : "InputWidgetConfig",
    "width"                    : 300,
    "height"                   : 44,
    "bgNormalPath"             : "input_bg.9.png",
    "bgFocusPath"              : "input_bg.9.png",
    "bgColor"                  : "#ffffff",
    "topMargin"                : 104,
    "visibile"                 : true,
    "enable"                   : true,
    "labelTextViewConfig"      : {
      "CLASS_NAME"               : "TextConfig",
      "textColor"                : "#ffffff",
      "textPressColor"           : "#ffffff",
      "visibile"                 : false,
      "enable"                   : true
    },
    "rightLabelTextViewConfig" : {
      "CLASS_NAME"               : "TextConfig",
      "textColor"                : "#ffffff",
      "textPressColor"           : "#ffffff",
      "visibile"                 : false,
      "enable"                   : true
    },
    "inputEditTextConfig"      : {
      "CLASS_NAME"               : "EditTextConfig",
      "hint"                     : "dync_hints",
      "hintTextColor"            : "#b5b5b5",
      "inputType"                : 2,
      "isPassword"               : false,
      "enabled"                  : true,
      "textColor"                : "#000000",
	  "leftPadding"              : 10,
      "textPressColor"           : "#ffffff",
      "textSize"                 : 16,
      "width"                    : 300,
      "height"                   : 44,
      "bgColor"                  : "#66ffffff",
      "visibile"                 : true,
      "enable"                   : true
    },
    "rightButtonConfig"        : {
      "CLASS_NAME"               : "ButtonConfig",
      "gravity"                  : 17,
      "textColor"                : "#ff8800",
      "textPressColor"           : "#ffffff",
      "text"                     : "get_dync_code",
      "textSize"                 : 12,
      "width"                    : 83,
      "height"                   : 30,
      "bgNormalPath"             : "roundShape",
      "bgFocusPath"              : "roundShape",
      "rightMargin"              : 10,
      "visibile"                 : true,
      "enable"                   : true
    },
    "rightButtonClickedConfig" : {
      "CLASS_NAME"               : "ButtonConfig",
      "gravity"                  : 17,
      "textColor"                : "#b5b5b5",
      "textPressColor"           : "#ffffff",
      "text"                     : "重新发送",
      "bgNormalPath"             : "btn_line_dis.9.png",
      "bgFocusPath"              : "btn_line_dis.9.png",
      "visibile"                 : true,
      "enable"                   : true
    },
    "checkBoxConfig"           : {
      "CLASS_NAME"               : "CheckBoxConfig",
      "checked"                  : false,
      "visibile"                 : true,
      "textColor"                : "#ffffff",
      "textPressColor"           : "#ffffff",
      "enable"                   : true
    }
  },
  "regButtonConfig"          : {
    "CLASS_NAME"               : "ButtonConfig",
    "gravity"                  : 17,
    "textColor"                : "#ffffffff",
    "textPressColor"           : "#ffffff",
    "text"                     : "onekey_reg",
    "textSize"                 : 16,
    "width"                    : 300,
    "height"                   : 44,
    "bgNormalPath"             : "btn_black.9.png",
    "bgFocusPath"              : "btn_black_press.9.png",
    "topMargin"                : 162,
    "rightMargin"              : 5,
    "visibile"                 : true,
    "enable"                   : true
  },
  "loginButtonConfig"        : {
    "CLASS_NAME"               : "ButtonConfig",
    "gravity"                  : 17,
    "textColor"                : "#ffffffff",
    "textPressColor"           : "#ffffff",
    "text"                     : "login",
    "textSize"                 : 16,
    "width"                    : 300,
    "height"                   : 44,
    "bgNormalPath"             : "btn_orange.9.png",
    "bgFocusPath"              : "btn_orange_press.9.png",
    "topMargin"                : 162,
    "visibile"                 : true,
    "enable"                   : true
  },
  "thirdPartyConfig"         : {
    "CLASS_NAME"               : "ThirdPartyConfig",
    "platformIcon"             : [ ],
    "iconWidth"                : 27,
    "captionConfig"            : {
      "CLASS_NAME"               : "TextConfig",
      "textColor"                : "#a0a0a0",
      "textPressColor"           : "#ffffff",
      "text"                     : "other_login_types",
      "textSize"                 : 12,
      "visibile"                 : true,
      "enable"                   : true
    },
    "switchTipConfig"          : {
      "CLASS_NAME"               : "TextConfig",
      "textColor"                : "#a0a0a0",
      "textPressColor"           : "#ff8900",
      "text"                     : "change_login_type",
      "textSize"                 : 12,
      "visibile"                 : true,
      "enable"                   : true
    },
    "iconHeight"               : 27,
    "iconMargin"               : 16,
    "isSwitch"                 : false,
    "switchIconWidth"          : 4,
    "switchIconHeight"         : 8,
    "switchIconMargin"         : 8,
    "width"                    : 300,
    "height"                   : 27,
    "topMargin"                : 221,
    "leftMargin"               : 15,
    "bottomMargin"             : 15,
    "visibile"                 : true,
    "enable"                   : true
  },
  "bottomTipsConfig"         : {
    "CLASS_NAME"               : "TextConfig",
    "textColor"                : "#a0a0a0",
    "textPressColor"           : "#ffffff",
    "text"                     : "old_account",
    "textSize"                 : 12,
    "icon"                     : "arrow_right.png",
    "iconPadding"              : 5,
    "iconDirection"            : 2,
    "width"                    : 85,
    "height"                   : 30,
    "bgNormalPath"             : "roundShape",
    "bgFocusPath"              : "roundShape",
    "topMargin"                : 221,
    "rightMargin"              : 15,
    "leftPadding"              : 10,
    "rightPadding"             : 15,
    "visibile"                 : true,
    "enable"                   : true
  },
  "noticeConfig"             : {
    "CLASS_NAME"               : "TextConfig",
    "textColor"                : "#ffffff",
    "textPressColor"           : "#ffffff",
    "visibile"                 : false,
    "enable"                   : true
  },
  "titleLineConfig"          : {
    "CLASS_NAME"               : "TextConfig",
    "textColor"                : "#ffffff",
    "textPressColor"           : "#ffffff",
    "width"                    : 320,
    "height"                   : 1,
    "topMargin"                : 48,
    "visibile"                 : true,
    "enable"                   : true
  }
}