{
  "height"                   : 287,
  "logoImageViewConfig"      : { },
  "titleConfig"              : { },
  "titleHintsConfig"         : { },
  "tipsConfig"               : {
    "textColor"                : "#ff4343",
    "text"                     : "check_phone_fail",
    "textSize"                 : 12,
    "icon"                     : "icon_resent.png",
    "iconPadding"              : 5,
    "width"                    : 300,
    "height"                   : 16,
    "topMargin"                : 59,
    "leftMargin"               : 10,
    "visibile"                 : true
  },
  "usernameInputWidgetConf"  : {
    "topMargin"                : 83,
    "labelTextViewConfig"      : { },
    "rightLabelTextViewConfig" : { },
    "inputEditTextConfig"      : { },
    "rightButtonConfig"        : { },
    "rightButtonClickedConfig" : { },
    "checkBoxConfig"           : { }
  },
  "inputSmsCodeWidgetConfig" : {
    "topMargin"                : 128,
    "labelTextViewConfig"      : { },
    "rightLabelTextViewConfig" : { },
    "inputEditTextConfig"      : { },
    "rightButtonConfig"        : { },
    "rightButtonClickedConfig" : { },
    "checkBoxConfig"           : { }
  },
  "regButtonConfig"          : {
    "text"                     : "quick_reg",
    "topMargin"                : 186
  },
  "loginButtonConfig"        : {
    "topMargin"                : 186
  },
  "thirdPartyConfig"         : {
    "captionConfig"            : { },
    "switchTipConfig"          : { },
    "topMargin"                : 245
  },
  "bottomTipsConfig"         : {
    "visibile"                 : false
  },
  "noticeConfig"             : { },
  "titleLineConfig"          : { },
  "parent"                   : "phoneLogin"
}