{
  "width"                    : 320,
  "height"                   : 242,
  "logoImageViewConfig"      : {
    "width"                    : 50,
    "height"                   : 30,
    "topMargin"                : 9,
    "leftMargin"               : 16
  },
  "titleConfig"              : {
    "textSize"                 : 16,
    "width"                    : 190,
    "height"                   : 30,
    "topMargin"                : 9,
    "leftMargin"               : 73
  },
  "tipsConfig"               : {
    "textColor"                : "#ff4343",
    "textSize"                 : 12,
    "icon"                     : "icon_resent.png",
    "iconPadding"              : 5,
    "width"                    : 300,
    "height"                   : 16,
    "topMargin"                : 59,
    "leftMargin"               : 10,
    "visibile"                 : false
  },
  "inputWidgetOneConfig"     : {
    "width"                    : 300,
    "height"                   : 44,
    "topMargin"                : 83,
    "leftPadding"              : 10,
    "visibile"                 : false,
    "labelTextViewConfig"      : { },
    "rightLabelTextViewConfig" : { },
    "inputEditTextConfig"      : {
      "inputType"                : 144,
	  "leftPadding"              : 10,
      "textSize"                 : 16,
      "width"                    : 300,
      "height"                   : 44
    },
    "rightButtonConfig"        : { },
    "rightButtonClickedConfig" : { },
    "checkBoxConfig"           : { }
  },
  "inputWidgetTwoConfig"     : {
    "width"                    : 300,
    "height"                   : 44,
    "topMargin"                : 59,
    "leftPadding"              : 10,
    "labelTextViewConfig"      : { },
    "rightLabelTextViewConfig" : { },
    "inputEditTextConfig"      : {
      "hint"                     : "input_password",
	  "leftPadding"              : 10,
      "hintTextColor"            : "#b5b5b5",
      "textSize"                 : 16,
      "width"                    : 300,
      "height"                   : 44
    },
    "rightButtonConfig"        : {
      "visibile"                 : false
    },
    "rightButtonClickedConfig" : { },
    "checkBoxConfig"           : {
      "checked"                  : true,
      "width"                    : 46,
      "height"                   : 26,
      "bgNormalPath"             : "switch_off.png",
      "bgFocusPath"              : "switch_on.png",
      "rightMargin"              : 10
    }
  },
  "buttonConfig"             : {
    "textSize"                 : 16,
    "width"                    : 300,
    "height"                   : 44,
    "topMargin"                : 117
  },
  "registerConfig"           : {
    "textColor"                : "#b5b5b5",
    "textSize"                 : 12,
    "iconPadding"              : 5,
    "width"                    : 85,
    "height"                   : 30,
    "bgNormalPath"             : "roundShape",
    "bgFocusPath"              : "roundShape",
    "topMargin"                : 197,
    "leftMargin"               : 15,
    "bottomMargin"             : 15,
    "leftPadding"              : 10,
    "rightPadding"             : 15
  },
  "licenseConfig"            : {
    "textColor"                : "#b5b5b5",
    "textSize"                 : 12,
    "width"                    : 100,
    "height"                   : 16,
    "topMargin"                : 171,
    "rightMargin"              : 15,
    "bottomMargin"             : 15
  },
  "sendSmsConfig"            : { },
  "checkBoxConfig"           : { },
  "titleLineConfig"          : {
    "width"                    : 320,
    "height"                   : 1,
    "topMargin"                : 48
  },
  "smsRegisterConfig"        : {
    "textColor"                : "#b5b5b5",
    "textSize"                 : 12,
    "icon"                     : "arrow_right.png",
    "iconPadding"              : 5,
    "iconDirection"            : 2,
    "width"                    : 110,
    "height"                   : 30,
    "bgNormalPath"             : "roundShape",
    "bgFocusPath"              : "roundShape",
    "topMargin"                : 197,
    "rightMargin"              : 15,
    "bottomMargin"             : 15,
    "leftPadding"              : 15,
    "rightPadding"             : 10
  },
  "parent"                   : "register"
}