{
  "CLASS_NAME"               : "RegisterLayoutConfig",
  "width"                    : 460,
  "height"                   : 325,
  "x"                        : -1,
  "y"                        : -1,
  "bgNormalPath"             : "bg.9.png",
  "bgColor"                  : "",
  "visibile"                 : true,
  "enable"                   : true,
  "logoImageViewConfig"      : {
    "CLASS_NAME"               : "ImageViewConfig",
    "src"                      : "logo.png",
    "width"                    : 73,
    "height"                   : 45,
    "bgNormalPath"             : "logo.png",
    "topMargin"                : 16,
    "leftMargin"               : 24,
    "visibile"                 : true,
    "enable"                   : true
  },
  "titleConfig"              : {
    "CLASS_NAME"               : "TextConfig",
    "textColor"                : "#ffffff",
    "textPressColor"           : "#ffffff",
    "text"                     : "password_register",
    "textSize"                 : 24,
    "width"                    : 350,
    "height"                   : 45,
    "topMargin"                : 16,
    "leftMargin"               : 110,
    "visibile"                 : true,
    "enable"                   : true
  },
  "tipsConfig"               : {
    "CLASS_NAME"               : "TextConfig",
    "textColor"                : "#a0a0a0",
    "textPressColor"           : "#ffffff",
    "text"                     : "password_register_error",
    "textSize"                 : 18,
    "width"                    : 386,
    "height"                   : 40,
    "topMargin"                : 158,
    "leftMargin"               : 24,
    "visibile"                 : true,
    "enable"                   : true
  },
  "inputWidgetOneConfig"     : {
    "CLASS_NAME"               : "InputWidgetConfig",
    "width"                    : 430,
    "height"                   : 66,
    "bgNormalPath"             : "input_bg.9.png",
    "bgFocusPath"              : "input_bg.9.png",
    "bgColor"                  : "#ffffff",
    "topMargin"                : 87,
    "leftPadding"              : 15,
    "visibile"                 : true,
    "enable"                   : true,
    "labelTextViewConfig"      : {
      "CLASS_NAME"               : "TextConfig",
      "textColor"                : "#ffffff",
      "textPressColor"           : "#ffffff",
      "visibile"                 : true,
      "enable"                   : true
    },
    "rightLabelTextViewConfig" : {
      "CLASS_NAME"               : "TextConfig",
      "textColor"                : "#ffffff",
      "textPressColor"           : "#ffffff",
      "visibile"                 : true,
      "enable"                   : true
    },
    "inputEditTextConfig"      : {
      "CLASS_NAME"               : "EditTextConfig",
      "hint"                     : "input_password",
      "inputType"                : 1,
      "isPassword"               : false,
      "enabled"                  : true,
      "textColor"                : "#000000",
      "textPressColor"           : "#ffffff",
      "textSize"                 : 24,
      "width"                    : 430,
      "height"                   : 66,
      "bgColor"                  : "#66ffffff",
      "visibile"                 : true,
	  "leftPadding"              : 15,
      "enable"                   : true
    },
    "rightButtonConfig"        : {
      "CLASS_NAME"               : "ButtonConfig",
      "gravity"                  : 17,
      "textColor"                : "#000000",
      "textPressColor"           : "#ffffff",
      "visibile"                 : true,
      "enable"                   : true
    },
    "rightButtonClickedConfig" : {
      "CLASS_NAME"               : "ButtonConfig",
      "gravity"                  : 17,
      "textColor"                : "#ffffff",
      "textPressColor"           : "#ffffff",
      "visibile"                 : true,
      "enable"                   : true
    },
    "checkBoxConfig"           : {
      "CLASS_NAME"               : "CheckBoxConfig",
      "checked"                  : false,
      "visibile"                 : true,
      "textColor"                : "#ffffff",
      "textPressColor"           : "#ffffff",
      "enable"                   : true
    }
  },
  "inputWidgetTwoConfig"     : {
    "CLASS_NAME"               : "InputWidgetConfig",
    "width"                    : 430,
    "height"                   : 66,
    "bgNormalPath"             : "input_bg.9.png",
    "bgFocusPath"              : "input_bg.9.png",
    "bgColor"                  : "#ffffff",
    "leftPadding"              : 15,
    "visibile"                 : true,
    "enable"                   : true,
    "labelTextViewConfig"      : {
      "CLASS_NAME"               : "TextConfig",
      "textColor"                : "#ffffff",
      "textPressColor"           : "#ffffff",
      "visibile"                 : true,
      "enable"                   : true
    },
    "rightLabelTextViewConfig" : {
      "CLASS_NAME"               : "TextConfig",
      "textColor"                : "#ffffff",
      "textPressColor"           : "#ffffff",
      "visibile"                 : true,
      "enable"                   : true
    },
    "inputEditTextConfig"      : {
      "CLASS_NAME"               : "EditTextConfig",
      "inputType"                : 1,
      "isPassword"               : false,
      "enabled"                  : true,
      "textColor"                : "#000000",
      "textPressColor"           : "#ffffff",
      "textSize"                 : 24,
      "width"                    : 430,
      "height"                   : 66,
      "bgColor"                  : "#66ffffff",
      "visibile"                 : true,
	  "leftPadding"              : 15,
      "enable"                   : true
    },
    "rightButtonConfig"        : {
      "CLASS_NAME"               : "ButtonConfig",
      "gravity"                  : 17,
      "textColor"                : "#000000",
      "textPressColor"           : "#ffffff",
      "visibile"                 : true,
      "enable"                   : true
    },
    "rightButtonClickedConfig" : {
      "CLASS_NAME"               : "ButtonConfig",
      "gravity"                  : 17,
      "textColor"                : "#ffffff",
      "textPressColor"           : "#ffffff",
      "visibile"                 : true,
      "enable"                   : true
    },
    "checkBoxConfig"           : {
      "CLASS_NAME"               : "CheckBoxConfig",
      "checked"                  : false,
      "visibile"                 : true,
      "textColor"                : "#ffffff",
      "textPressColor"           : "#ffffff",
      "enable"                   : true
    }
  },
  "buttonConfig"             : {
    "CLASS_NAME"               : "ButtonConfig",
    "gravity"                  : 17,
    "textColor"                : "#ffffffff",
    "textPressColor"           : "#ffffff",
    "text"                     : "complete_register",
    "textSize"                 : 24,
    "width"                    : 430,
    "height"                   : 66,
    "bgNormalPath"             : "btn_orange.9.png",
    "bgFocusPath"              : "btn_orange_press.9.png",
    "topMargin"                : 240,
    "visibile"                 : true,
    "enable"                   : true
  },
  "registerConfig"           : {
    "CLASS_NAME"               : "TextConfig",
    "textColor"                : "#a0a0a0",
    "textPressColor"           : "#ffffff",
    "text"                     : "return_login",
    "textSize"                 : 18,
    "icon"                     : "arrow_left.png",
    "width"                    : 100,
    "height"                   : 40,
    "bgNormalPath"             : "roundShape",
    "bgFocusPath"              : "roundShape",
    "leftMargin"               : 24,
    "visibile"                 : true,
    "enable"                   : true
  },
  "licenseConfig"            : {
    "CLASS_NAME"               : "TextConfig",
    "textColor"                : "#ffffff",
    "textPressColor"           : "#ffffff",
    "text"                     : "registe_license",
    "visibile"                 : true,
    "enable"                   : true
  },
  "sendSmsConfig"            : {
    "CLASS_NAME"               : "TextConfig",
    "textColor"                : "#ffffff",
    "textPressColor"           : "#ffffff",
    "visibile"                 : false,
    "enable"                   : true
  },
  "checkBoxConfig"           : {
    "CLASS_NAME"               : "CheckBoxConfig",
    "checked"                  : false,
    "visibile"                 : true,
    "textColor"                : "#ffffff",
    "textPressColor"           : "#ffffff",
    "enable"                   : true
  },
  "titleLineConfig"          : {
    "CLASS_NAME"               : "TextConfig",
    "textColor"                : "#ffffff",
    "textPressColor"           : "#ffffff",
    "width"                    : -1,
    "topMargin"                : 72,
    "visibile"                 : true,
    "enable"                   : true
  },
  "smsRegisterConfig"        : {
    "CLASS_NAME"               : "TextConfig",
    "textColor"                : "#ffffff",
    "textPressColor"           : "#ffffff",
    "text"                     : "send_sms_register",
    "visibile"                 : true,
    "enable"                   : true
  }
}
