{
  "height"                   : 332,
  "logoImageViewConfig"      : { },
  "titleConfig"              : {
    "text"                     : "registe_uc"
  },
  "tipsConfig"               : {
    "text"                     : "registe_uc_hints",
    "topMargin"                : 150
  },
  "inputWidgetOneConfig"     : {
    "visibile"                 : false,
    "labelTextViewConfig"      : {
      "visibile"                 : false
    },
    "rightLabelTextViewConfig" : {
      "visibile"                 : false
    },
    "inputEditTextConfig"      : {
	"leftPadding"              : 15,
      "inputType"                : 144
    },
    "rightButtonConfig"        : { },
    "rightButtonClickedConfig" : { },
    "checkBoxConfig"           : { }
  },
  "inputWidgetTwoConfig"     : {
    "height"                   : 63,
    "topMargin"                : 87,
    "labelTextViewConfig"      : {
      "visibile"                 : false
    },
    "rightLabelTextViewConfig" : {
      "visibile"                 : false
    },
    "inputEditTextConfig"      : {
      "hint"                     : "input_password",
	  "leftPadding"              : 15,
      "height"                   : 63
    },
    "rightButtonConfig"        : { },
    "rightButtonClickedConfig" : { },
    "checkBoxConfig"           : { }
  },
  "buttonConfig"             : {
    "height"                   : 63,
    "topMargin"                : 190
  },
  "registerConfig"           : {
    "textColor"                : "#b5b5b5",
    "iconPadding"              : 7,
    "bgNormalPath"             : "roundShape",
    "bgFocusPath"              : "roundShape",
    "topMargin"                : 270,
    "bottomMargin"             : 22,
    "leftPadding"              : 15,
    "rightPadding"             : 22
  },
  "licenseConfig"            : {
    "textColor"                : "#a0a0a0",
    "textSize"                 : 18,
    "width"                    : 100,
    "height"                   : 40,
    "topMargin"                : 270,
    "rightMargin"              : 14,
    "bottomMargin"             : 22
  },
  "sendSmsConfig"            : { },
  "checkBoxConfig"           : { },
  "titleLineConfig"          : { },
  "smsRegisterConfig"        : {
    "visibile"                 : false
  },
  "parent"                   : "register"
}