{
  "height"                   : 330,
  "logoImageViewConfig"      : { },
  "titleConfig"              : {
    "text"                     : "registe_succ"
  },
  "tipsConfig"               : {
    "visibile"                 : false
  },
  "inputWidgetOneConfig"     : {
    "labelTextViewConfig"      : {
      "textColor"                : "#000000",
      "text"                     : "registe_uc_name_hints",
      "textSize"                 : 24,
      "width"                    : 85,
      "height"                   : 66,
      "topMargin"                : 158,
      "leftMargin"               : 24
    },
    "rightLabelTextViewConfig" : {
      "visibile"                 : false
    },
    "inputEditTextConfig"      : {
      "leftPadding"              : 15,
      "enabled"                  : false
    },
    "rightButtonConfig"        : { },
    "rightButtonClickedConfig" : { },
    "checkBoxConfig"           : { }
  },
  "inputWidgetTwoConfig"     : {
    "labelTextViewConfig"      : {
      "textColor"                : "#000000",
      "text"                     : "registe_uc_pw_hints",
      "textSize"                 : 24,
      "width"                    : 85,
      "height"                   : 66,
      "topMargin"                : 158,
      "leftMargin"               : 24
    },
    "rightLabelTextViewConfig" : {
      "visibile"                 : false
    },
    "inputEditTextConfig"      : {
	"leftPadding"              : 15,
      "enabled"                  : false
    },
    "rightButtonConfig"        : { },
    "rightButtonClickedConfig" : { },
    "checkBoxConfig"           : { }
  },
  "buttonConfig"             : {
    "text"                     : "enter_game"
  },
  "registerConfig"           : {
    "visibile"                 : false
  },
  "licenseConfig"            : { },
  "sendSmsConfig"            : {
    "textColor"                : "#b5b5b5",
    "text"                     : "send_sms_tips",
    "textSize"                 : 18,
    "width"                    : 100,
    "height"                   : 40,
    "leftMargin"               : 24,
    "bottomMargin"             : 12
  },
  "checkBoxConfig"           : { },
  "titleLineConfig"          : { },
  "smsRegisterConfig"        : { },
  "parent"                   : "register"
}