{
  "logoImageViewConfig"      : { },
  "titleConfig"              : { },
  "titleHintsConfig"         : { },
  "titleLineConfig"          : { },
  "tipsConfig"               : { },
  "regButtonConfig"          : { },
  "loginButtonConfig"        : { },
  "thirdPartyConfig"         : {
    "captionConfig"            : { },
    "isSwitch"                 : true,
    "switchTipConfig"          : {
      "textColor"                : "#a0a0a0",
      "textPressColor"           : "#ff8900",
      "text"                     : "change_login_type",
      "textSize"                 : 18
    },
    "switchIconWidth"          : 6,
    "switchIconHeight"         : 12,
    "switchIconMargin"         : 10
  },
  "registerConfig"           : {
    "iconPadding"              : 7,
    "bottomMargin"             : 22,
    "leftPadding"              : 22,
    "rightPadding"             : 15
  },
  "noticeConfig"             : { },
  "usernameInputWidgetConf"  : {
    "labelTextViewConfig"      : { },
    "rightLabelTextViewConfig" : { },
    "inputEditTextConfig"      : { },
    "rightButtonConfig"        : { },
    "rightButtonClickedConfig" : { },
    "checkBoxConfig"           : { }
  },
  "passwordInputWidgetConf"  : {
    "labelTextViewConfig"      : { },
    "rightLabelTextViewConfig" : { },
    "inputEditTextConfig"      : { },
    "rightButtonConfig"        : { },
    "rightButtonClickedConfig" : { },
    "checkBoxConfig"           : { }
  },
  "height"                   : 435,
  "parent"                   : "ucLogin"
}