{
  "CLASS_NAME"               : "UCLoginLayoutConfig",
  "logoImageViewConfig"      : {
    "CLASS_NAME"               : "ImageViewConfig",
    "src"                      : "logo.png",
    "width"                    : 73,
    "height"                   : 45,
    "bgNormalPath"             : "logo.png",
    "topMargin"                : 16,
    "leftMargin"               : 24,
    "visibile"                 : true,
    "enable"                   : true
  },
  "titleConfig"              : {
    "CLASS_NAME"               : "TextConfig",
    "textColor"                : "#ffffff",
    "textPressColor"           : "#ffffff",
    "text"                     : "uc_login",
    "textSize"                 : 24,
    "width"                    : 100,
    "height"                   : 45,
    "topMargin"                : 16,
    "leftMargin"               : 110,
    "visibile"                 : true,
    "enable"                   : true
  },
  "titleHintsConfig"         : {
    "CLASS_NAME"               : "TextConfig",
    "textColor"                : "#ffffff",
    "textPressColor"           : "#ffffff",
    "visibile"                 : false,
    "enable"                   : true
  },
  "titleLineConfig"          : {
    "CLASS_NAME"               : "TextConfig",
    "textColor"                : "#ffffff",
    "textPressColor"           : "#ffffff",
    "width"                    : -1,
    "topMargin"                : 72,
    "visibile"                 : true,
    "enable"                   : true
  },
  "tipsConfig"               : {
    "CLASS_NAME"               : "TextConfig",
    "textColor"                : "#a0a0a0",
    "textPressColor"           : "#ffffff",
    "textSize"                 : 18,
    "width"                    : 386,
    "height"                   : 40,
    "topMargin"                : 158,
    "leftMargin"               : 24,
    "visibile"                 : false,
    "enable"                   : true
  },
  "regButtonConfig"          : {
    "CLASS_NAME"               : "ButtonConfig",
    "gravity"                  : 17,
    "textColor"                : "#ffffffff",
    "textPressColor"           : "#ffffff",
    "text"                     : "onekey_reg",
    "textSize"                 : 24,
    "width"                    : 430,
    "height"                   : 66,
    "bgNormalPath"             : "btn_black.9.png",
    "bgFocusPath"              : "btn_black_press.9.png",
    "topMargin"                : 241,
    "rightMargin"              : 5,
    "visibile"                 : false,
    "enable"                   : true
  },
  "loginButtonConfig"        : {
    "CLASS_NAME"               : "ButtonConfig",
    "gravity"                  : 17,
    "textColor"                : "#ffffffff",
    "textPressColor"           : "#ffffff",
    "text"                     : "login",
    "textSize"                 : 24,
    "width"                    : 430,
    "height"                   : 66,
    "bgNormalPath"             : "btn_orange.9.png",
    "bgFocusPath"              : "btn_orange_press.9.png",
    "topMargin"                : 241,
    "leftMargin"               : 5,
    "visibile"                 : true,
    "enable"                   : true
  },
  "thirdPartyConfig"         : {
    "CLASS_NAME"               : "ThirdPartyConfig",
    "captionConfig"            : {
      "CLASS_NAME"               : "TextConfig",
      "textColor"                : "#a0a0a0",
      "textPressColor"           : "#ffffff",
      "text"                     : "other_login_types",
      "textSize"                 : 18,
      "visibile"                 : true,
      "enable"                   : true
    },
    "platformIcon"             : [ ],
    "iconWidth"                : 36,
    "iconHeight"               : 36,
    "iconMargin"               : 24,
    "isSwitch"                 : false,
    "switchTipConfig"          : {
      "CLASS_NAME"               : "TextConfig",
      "textColor"                : "#ffffff",
      "textPressColor"           : "#ffffff",
      "visibile"                 : true,
      "enable"                   : true
    },
    "switchIconWidth"          : 5,
    "switchIconHeight"         : 9,
    "width"                    : 386,
    "height"                   : 40,
    "topMargin"                : 328,
    "leftMargin"               : 22,
    "bottomMargin"             : 22,
    "visibile"                 : true,
    "enable"                   : true
  },
  "registerConfig"           : {
    "CLASS_NAME"               : "TextConfig",
    "textColor"                : "#a0a0a0",
    "textPressColor"           : "#ffffff",
    "text"                     : "quick_reg",
    "textSize"                 : 18,
    "icon"                     : "arrow_right.png",
    "iconDirection"            : 2,
    "width"                    : 100,
    "height"                   : 40,
    "bgNormalPath"             : "roundShape",
    "bgFocusPath"              : "roundShape",
    "topMargin"                : 328,
    "rightMargin"              : 22,
    "visibile"                 : true,
    "enable"                   : true
  },
  "noticeConfig"             : {
    "CLASS_NAME"               : "TextConfig",
    "textColor"                : "#fc5402",
    "textPressColor"           : "#ffffff",
    "text"                     : "",
    "textSize"                 : 20,
    "width"                    : 290,
    "height"                   : 40,
    "topMargin"                : 368,
    "leftMargin"               : 24,
    "bottomMargin"             : 24,
    "visibile"                 : true,
    "enable"                   : true
  },
  "usernameInputWidgetConf"  : {
    "CLASS_NAME"               : "InputWidgetConfig",
    "labelTextViewConfig"      : {
      "CLASS_NAME"               : "TextConfig",
      "textColor"                : "#ffffff",
      "textPressColor"           : "#ffffff",
      "visibile"                 : false,
      "enable"                   : true
    },
    "rightLabelTextViewConfig" : {
      "CLASS_NAME"               : "TextConfig",
      "textColor"                : "#ffffff",
      "textPressColor"           : "#ffffff",
      "visibile"                 : false,
      "enable"                   : true
    },
    "inputEditTextConfig"      : {
      "CLASS_NAME"               : "EditTextConfig",
      "hint"                     : "uc_login_hints",
      "inputType"                : 1,
      "isPassword"               : false,
      "enabled"                  : true,
      "textColor"                : "#000000",
      "textPressColor"           : "#ffffff",
      "textSize"                 : 24,
      "width"                    : 430,
	  "leftPadding"              : 15,
      "height"                   : 66,
      "bgColor"                  : "#66ffffff",
      "visibile"                 : true,
      "enable"                   : true
    },
    "rightButtonConfig"        : {
      "CLASS_NAME"               : "ButtonConfig",
      "gravity"                  : 17,
      "textColor"                : "#000000",
      "textPressColor"           : "#ffffff",
      "text"                     : "",
      "textSize"                 : 18,
      "width"                    : 60,
      "height"                   : 50,
      "bgNormalPath"             : "input_icon_Arrow.9.png",
      "bgFocusPath"              : "input_icon_Arrow.9.png",
      "rightMargin"              : 7,
      "visibile"                 : true,
      "enable"                   : true
    },
    "rightButtonClickedConfig" : {
      "CLASS_NAME"               : "ButtonConfig",
      "gravity"                  : 17,
      "textColor"                : "#ffffff",
      "textPressColor"           : "#ffffff",
      "visibile"                 : true,
      "enable"                   : true
    },
    "checkBoxConfig"           : {
      "CLASS_NAME"               : "CheckBoxConfig",
      "checked"                  : false,
      "visibile"                 : true,
      "textColor"                : "#ffffff",
      "textPressColor"           : "#ffffff",
      "enable"                   : true
    },
    "width"                    : 430,
    "height"                   : 66,
    "bgNormalPath"             : "input_bg.9.png",
    "bgFocusPath"              : "input_bg.9.png",
    "bgColor"                  : "#ffffff",
    "topMargin"                : 87,
    "leftPadding"              : 15,
    "visibile"                 : true,
    "enable"                   : true
  },
  "passwordInputWidgetConf"  : {
    "CLASS_NAME"               : "InputWidgetConfig",
    "labelTextViewConfig"      : {
      "CLASS_NAME"               : "TextConfig",
      "textColor"                : "#ffffff",
      "textPressColor"           : "#ffffff",
      "visibile"                 : false,
      "enable"                   : true
    },
    "rightLabelTextViewConfig" : {
      "CLASS_NAME"               : "TextConfig",
      "textColor"                : "#ffffff",
      "textPressColor"           : "#ffffff",
      "visibile"                 : false,
      "enable"                   : true
    },
    "inputEditTextConfig"      : {
      "CLASS_NAME"               : "EditTextConfig",
      "hint"                     : "input_password",
      "inputType"                : 129,
      "isPassword"               : false,
      "enabled"                  : true,
	  "leftPadding"              : 15,
      "textColor"                : "#000000",
      "textPressColor"           : "#ffffff",
      "textSize"                 : 24,
      "width"                    : 430,
      "height"                   : 66,
      "bgColor"                  : "#66ffffff",
      "visibile"                 : true,
      "enable"                   : true
    },
    "rightButtonConfig"        : {
      "CLASS_NAME"               : "ButtonConfig",
      "gravity"                  : 17,
      "textColor"                : "#000000",
      "textPressColor"           : "#ffffff",
      "text"                     : "forget_password",
      "textSize"                 : 18,
      "width"                    : 100,
      "height"                   : 50,
      "bgNormalPath"             : "btn_white.9.png",
      "bgFocusPath"              : "btn_white_press.9.png",
      "rightMargin"              : 7,
      "visibile"                 : true,
      "enable"                   : true
    },
    "rightButtonClickedConfig" : {
      "CLASS_NAME"               : "ButtonConfig",
      "gravity"                  : 17,
      "textColor"                : "#ffffff",
      "textPressColor"           : "#ffffff",
      "visibile"                 : true,
      "enable"                   : true
    },
    "checkBoxConfig"           : {
      "CLASS_NAME"               : "CheckBoxConfig",
      "checked"                  : false,
      "visibile"                 : true,
      "textColor"                : "#ffffff",
      "textPressColor"           : "#ffffff",
      "enable"                   : true
    },
    "width"                    : 430,
    "height"                   : 66,
    "bgNormalPath"             : "input_bg.9.png",
    "bgFocusPath"              : "input_bg.9.png",
    "bgColor"                  : "#ffffff",
    "leftPadding"              : 15,
    "visibile"                 : true,
    "enable"                   : true
  },
  "width"                    : 460,
  "height"                   : 430,
  "x"                        : -1,
  "y"                        : -1,
  "bgNormalPath"             : "bg.9.png",
  "bgColor"                  : "",
  "visibile"                 : true,
  "enable"                   : true
}