{
  "logoImageViewConfig"      : { },
  "titleConfig"              : { },
  "titleHintsConfig"         : { },
  "titleLineConfig"          : { },
  "tipsConfig"               : { },
  "regButtonConfig"          : {
    "text"                     : "onekey_reg+onekey_reg_sms",
    "visibile"                 : true
  },
  "loginButtonConfig"        : { },
  "thirdPartyConfig"         : {
    "captionConfig"            : { },
    "switchTipConfig"          : { }
  },
  "registerConfig"           : {
    "iconPadding"              : 7,
    "leftPadding"              : 22,
    "rightPadding"             : 15,
    "visibile"                 : false
  },
  "noticeConfig"             : { },
  "usernameInputWidgetConf"  : {
    "labelTextViewConfig"      : { },
    "rightLabelTextViewConfig" : { },
    "inputEditTextConfig"      : { },
    "rightButtonConfig"        : { },
    "rightButtonClickedConfig" : { },
    "checkBoxConfig"           : { }
  },
  "passwordInputWidgetConf"  : {
    "labelTextViewConfig"      : { },
    "rightLabelTextViewConfig" : { },
    "inputEditTextConfig"      : { },
    "rightButtonConfig"        : { },
    "rightButtonClickedConfig" : { },
    "checkBoxConfig"           : { }
  },
  "parent"                   : "ucLogin"
}