{
  "logoConfig"            : { },
  "titleConfig"           : {
    "text"                  : "更新包下载中\u2026(100%%)"
  },
  "exContentLayoutConfig" : {
    "source"                : "<adv><text align=\"center\" icon=\"down_succ.png\" size=\"30\">下载成功<\/text><\/adv>"
  },
  "mainBtnConfig"         : {
    "text"                  : "立即安装更新包"
  },
  "assistBtnConfig"       : { },
  "closeBtnConfig"        : { },
  "progressBarConfig"     : {
    "progress"              : 100,
    "visibile"              : true
  },
  "parent"                : "updateGameDialog"
}
