{
  "logoConfig"            : { },
  "titleConfig"           : {
    "text"                  : "退出"
  },
  "exContentLayoutConfig" : {
    "source"                : "<adv><text>确定不进行游戏更新?<\/text><\/adv>"
  },
  "mainBtnConfig"         : {
    "text"                  : "退出游戏||稍后更新"
  },
  "assistBtnConfig"       : {
    "text"                  : "继续更新",
    "visibile"              : true
  },
  "closeBtnConfig"        : { },
  "progressBarConfig"     : { },
  "parent"                : "updateGameDialog"
}
