{
    "backgroundImage":"conf/t_bg.9.png",  
    "width": -1, 
    "visiblePattern":[
            "^/user/user.html#!secrecy/preBind$",
            "^/user/user.html#!user$",
			"^/user/user_landscape.html#!secrecy/preBind$", 
            "^/user/user_landscape.html#!user$",
            "^/bbs/bbs.html.*",
			"^http://bbs.9game.cn/sdkforum.*",
			"^/codecenter/codecenter.html.*",
			"^http://ka.9game.cn/game/detail.html.*sdk_user.*",
			"^http://ka.9game.cn/game/detail.html.*sdk_quit.*",
			"^http://ka.9game.cn/game/detail.html.*sdk_sev.*",
            "^http://kf.9game.cn/.*",
            "^/feedback/feedback.html",
            "^http://a.9game.cn/tpl/android_new/sdknews/.*"
            ],
    "menuItems":[                                   
        {
            "marginLeft":5,                              
            "marginRight":5,                             
            "defaultIcon":"menu_icon_account.png",            
            "selectedBackgroundIcon":"menu_icon_account_press.png",                
            "title":"账户",                               
            "titleFontSize":10,                           
            "defaultFontColor":-7960954,                
            "selectedFontColor":-1,                 
            "action":{                                    
                 "business":"user_center",
                 "menuStat":"A_center_account_b"                        
            },
            "bubble":{                                    
                "borderColor":0xFFFF0000,                   
                "backgroundColor":0xFFFF0000,               
                "fontColor":-1,                     
                "fontSize":10,  
                "service":""  
            }
        },
        {
            "marginLeft":5,                              
            "marginRight":5,                             
            "defaultIcon":"menu_icon_bbs.png", 
            "selectedBackgroundIcon":"menu_icon_bbs_press.png",                 
            "title":"论坛",                               
            "titleFontSize":10,
            "defaultFontColor":-7960954,                
            "selectedFontColor":-1,                 
            "action":{                                    
                 "business":"bbs",
                 "menuStat":"A_center_bbs_b"                        
            },
            "bubble":{                                    
                "borderColor":0xFFFF0000,                   
                "backgroundColor":0xFFFF0000,               
                "fontColor":-1,                     
                "fontSize":10,  
                "service":""  
            }
        },
	{
            "marginLeft":5,                              
            "marginRight":5,                             
            "defaultIcon":"menu_icon_gift.png", 
            "selectedBackgroundIcon":"menu_icon_gift_press.png",                
            "title":"礼包",                               
            "titleFontSize":10,                           
            "defaultFontColor":-7960954,                
            "selectedFontColor":-1,                 
            "action":{                                    
                 "business":"codecenter",
                 "menuStat":"A_center_codecenter_b"                 
            },
            "bubble":{                                    
                "borderColor":0xFFFF0000,                   
                "backgroundColor":0xFFFF0000,               
                "fontColor":-1,                     
                "fontSize":10,  
                "service":""  
            }
        },
        {
            "marginLeft":5,                              
            "marginRight":5,                             
            "defaultIcon":"menu_icon_raiders.png",
            "selectedBackgroundIcon":"menu_icon_raiders_press.png",                   
            "title":"攻略",                               
            "titleFontSize":10,                    
            "defaultFontColor":-7960954,                
            "selectedFontColor":-1,                  
            "action":{                                    
                 "business":"strategy",
                 "menuStat":"A_center_gameexp_b"                        
            },
            "bubble":{                                    
                "borderColor":0xFFFF0000,                   
                "backgroundColor":0xFFFF0000,               
                "fontColor":-1,                     
                "fontSize":10,  
                "service":""  
            }
        },
        {
            "marginLeft":5,                              
            "marginRight":5,                             
            "defaultIcon":"menu_icon_news.png", 
            "selectedBackgroundIcon":"menu_icon_news_press.png",                  
            "title":"消息",                               
            "titleFontSize":10,
            "defaultFontColor":-7960954,                
            "selectedFontColor":-1,                  
            "action":{                                    
                 "business":"msgInbox",
                 "menuStat":"st_navigation_message_c"                 
            },
            "bubble":{                                    
                "borderColor":0xFFFF0000,                   
                "backgroundColor":0xFFFF0000,               
                "fontColor":-1,                     
                "fontSize":10,  
                "service":""
            }
        },
        {
            "marginLeft":5,                              
            "marginRight":5,                             
            "defaultIcon":"menu_icon_help.png", 
            "selectedBackgroundIcon":"menu_icon_help_press.png",                  
            "title":"帮助",                               
            "titleFontSize":10,
            "defaultFontColor":-7960954,                
            "selectedFontColor":-1,                  
            "action":{                                    
                 "business":"feedback",
                 "menuStat":"A_center_help_b"                 
            },
            "bubble":{                                    
                "borderColor":0xFFFF0000,                   
                "backgroundColor":0xFFFF0000,               
                "fontColor":-1,                     
                "fontSize":10,  
                "service":""
            }
        }
    ]
}
