{
    "comments":"从3.4.6版本开始使用float_menu_params.json代替float_menu.json，float_menu.json只起到过度作用，在以后版本作废",

    "floatMenuBackgroundImageLeft":"conf/float_menu_left",
    "floatMenuBackgroundImageRight":"conf/float_menu_right",
    "width":-2,
    "menuItems":[
        {
            "marginLeft":9,
            "marginRight":9,
            "defaultIcon":"conf/icon_account.png",
            "selectedIcon":"conf/icon_account_press.png",
            "title":"账户",
            "titleFontSize":10,
            "defaultFontColor":-1,
            "action":{
                "business":"user_center",
                "menuStat":"A_float_account_b"
            },
            "bubble":{
                "borderColor":0xffff8800,
                "backgroundColor":0xffff8800,
                "fontColor":-1,
                "fontSize":10,
                "service":""
            }
        },
        {
            "marginLeft":9,
            "marginRight":9,
            "defaultIcon":"conf/icon_gift.png",
            "selectedIcon":"conf/icon_gift_press.png",
            "title":"礼包",
            "titleFontSize":10,
            "defaultFontColor":-1,
            "action":{
                "business":"codecenter",
                "menuStat":"A_float_codecenter_b"
            },
            "bubble":{
                "borderColor":0xffff8800,
                "backgroundColor":0xffff8800,
                "fontColor":-1,
                "fontSize":10,
                "service":""
            }
        },


        {
            "marginLeft":9,
            "marginRight":9,
            "defaultIcon":"conf/icon_forum.png",
            "selectedIcon":"conf/icon_forum_press.png",
            "title":"论坛",
            "titleFontSize":10,
            "defaultFontColor":-1,
            "action":{
                "business":"bbs",
                "menuStat":"A_float_bbs_b"
            },
            "bubble":{
                "borderColor":0xffff8800,
                "backgroundColor":0xffff8800,
                "fontColor":-1,
                "fontSize":10,
                "service":""
            }
        },
        {
            "marginLeft":9,
            "marginRight":9,
            "defaultIcon":"conf/icon_raiders.png",
            "selectedIcon":"conf/icon_raiders_press.png",
            "title":"攻略",
            "titleFontSize":10,
            "defaultFontColor":-1,
            "action":{
                "business":"strategy",
                "menuStat":"A_float_gameexp_b"
            },
            "bubble":{
                "borderColor":0xffff8800,
                "backgroundColor":0xffff8800,
                "fontColor":-1,
                "fontSize":10,
                "service":""
            }
        },{
            "marginLeft":9,
            "marginRight":9,
            "defaultIcon":"conf/icon_raiders.png",
            "selectedIcon":"conf/icon_raiders_press.png",
            "title":"视频",
            "titleFontSize":10,
            "defaultFontColor":-1,
            "action":{
                "business":"playvideo",
                "menuStat":"A_float_video_b"
            },
            "bubble":{
                "borderColor":0xffff8800,
                "backgroundColor":0xffff8800,
                "fontColor":-1,
                "fontSize":10,
                "service":""
            }
        },

        {
            "marginLeft":9,
            "marginRight":9,
            "defaultIcon":"conf/icon_mall.png",
            "selectedIcon":"conf/icon_mall_press.png",
            "title":"商城",
            "titleFontSize":10,
            "defaultFontColor":-1,
            "action":{
                 "business":"mall",
                 "menuStat":"st_float_mall_c"
            },
            "bubble":{
                "borderColor":0xffff8800,
                "backgroundColor":0xffff8800,
                "fontColor":-1,
                "fontSize":10,
                "service":""
            }
        },

        {
            "marginLeft":9,
            "marginRight":9,
            "defaultIcon":"conf/icon_screenshot.png",
            "selectedIcon":"conf/icon_screenshot_press.png",
            "title":"截图",
            "titleFontSize":10,
            "defaultFontColor":-1,
            "action":{
                 "business":"screenshot",
                 "menuStat":"A_float_screenshot_b"
            },
            "bubble":{
                "borderColor":0xffff8800,
                "backgroundColor":0xffff8800,
                "fontColor":-1,
                "fontSize":10,
                "service":""
            }
        },
        {
            "marginLeft":9,
            "marginRight":9,
            "defaultIcon":"conf/icon_prepay.png",
            "selectedIcon":"conf/icon_prepay_press.png",
            "title":"预充值",
            "titleFontSize":10,
            "defaultFontColor":-1,
            "action":{
                 "business":"prepay",
                 "menuStat":"st_float_prePay_c"
            },
            "bubble":{
                "borderColor":0xffff8800,
                "backgroundColor":0xffff8800,
                "fontColor":-1,
                "fontSize":10,
                "service":""
            }
        },
        {
            "marginLeft":9,
            "marginRight":9,
            "defaultIcon":"conf/icon_help.png",
            "selectedIcon":"conf/icon_help_press.png",
            "title":"帮助",
            "titleFontSize":10,
            "defaultFontColor":-1,
            "action":{
                 "business":"feedback",
                 "menuStat":"A_float_help_b"
            },
            "bubble":{
                "borderColor":0xffff8800,
                "backgroundColor":0xffff8800,
                "fontColor":-1,
                "fontSize":10,
                "service":""
            }
        },
        {
            "marginLeft":9,
            "marginRight":9,
            "defaultIcon":"conf/icon_message.png",
            "selectedIcon":"conf/icon_message_press.png",
            "title":"消息",
            "titleFontSize":10,
            "defaultFontColor":-1,
            "action":{
                 "business":"msgInbox",
                 "menuStat":"st_float_message_c",
		 "params":{
			"showType":"native"
		 }
            },
            "bubble":{
                "borderColor":0xffff8800,
                "backgroundColor":0xffff8800,
                "fontColor":-1,
                "fontSize":10,
                "service":""
            }
        },
        {
            "marginLeft":9,
            "marginRight":9,
            "defaultIcon":"conf/icon_hidden.png",
            "selectedIcon":"conf/icon_hidden_press.png",
            "title":"隐藏",
            "titleFontSize":10,
            "defaultFontColor":-1,
            "action":{
                "business":"hidden",
                "menuStat":"A_float_hidden_b"
            },
            "bubble":{
                "borderColor":0xffff8800,
                "backgroundColor":0xffff8800,
                "fontColor":-1,
                "fontSize":10,
                "service":""
            }
        }
    ]
}
